resid,resname,n_atoms,mean_APBS,median_APBS,min_APBS,max_APBS
149,ASN,8,-49.28669624999999,-72.59676,-385.1203,348.5058
152,ARG,11,-55.83832181818182,32.28102,-405.8517,320.7103
153,GLY,4,-31.438094999999997,-82.13808999999999,-327.5906,366.1144
161,ILE,8,-31.311113875,10.286192,-416.6471,342.4328
162,ARG,11,-27.25121,26.03491,-352.6123,384.3626
163,ARG,11,-57.185901818181826,27.68043,-464.6481,319.831
