pocket,n_pocket_atoms,pocket_residues,center_x_5OPT,center_y_5OPT,center_z_5OPT,min_distance_to_rRNA_A,closest_rRNA,n_rRNA_atoms_within_5A
TcS6_pocket2,25,ARG230A; ARG231A; ASN227A; HIS234A; LYS235A,144.35979848689928,266.5010930684934,157.82617193703405,0.9575039570773529,A831E:OP2,31
TcS6_pocket11,23,ALA223A; ARG220A; ARG224A; ARG231A; ASN227A; SER228A,140.1050517491971,263.2358895760991,165.86498353287433,1.5895431970143235,G286E:O6,32
