species,pocket,n_atoms,n_residues,mean_APBS_0p15M,median_APBS_0p15M,min_APBS_0p15M,max_APBS_0p15M,fraction_positive,fraction_gt_25,fraction_gt_50,fraction_gt_100,residue_list
human,12,15,4,598.1065533333332,602.768,338.0652,923.5639,1.0,1.0,1.0,1.0,ARG231A; ARG238A; LEU234A; SER235A
human,9,19,5,606.0149263157896,578.1139,241.5058,1285.297,1.0,1.0,1.0,1.0,ALA229A; ARG233A; GLU226A; LEU234A; LYS230A
human,1,24,6,89.85119208333333,123.676,-353.4156,537.1443,0.7916666666666666,0.7916666666666666,0.7916666666666666,0.5833333333333334,ALA193A; ARG189A; ILE192A; LEU185A; LYS188A; LYS196A
human,10,15,4,103.80040133333334,115.35,-243.5486,503.4471,0.6666666666666666,0.6,0.6,0.5333333333333333,ARG191A; HIS187A; LYS188A; VAL184A
human,8,25,8,-65.26480656,21.39546,-423.7532,313.5982,0.6,0.4,0.28,0.16,ARG131A; ARG140A; GLY134A; LEU133A; LEU144A; LYS136A; LYS143A; PRO135A
human,5,31,13,-44.822122903225804,21.87815,-425.5891,276.273,0.6774193548387096,0.45161290322580644,0.22580645161290322,0.16129032258064516,ALA173A; ARG131A; ARG132A; ARG159A; GLY134A; LEU133A; LYS136A; LYS160A; LYS172A; PRO130A; PRO161A; PRO174A; VAL158A
human,4,14,6,-80.68510835714287,5.6574115,-448.4371,296.8055,0.5714285714285714,0.35714285714285715,0.21428571428571427,0.21428571428571427,ALA33A; ARG51A; GLN65A; ILE52A; MET32A; SER53A
human,2,19,6,-50.51352842105263,24.15239,-323.5957,383.5129,0.5263157894736842,0.47368421052631576,0.21052631578947367,0.05263157894736842,ARG170A; ASN163A; LEU162A; LYS164A; LYS167A; LYS168A
human,6,15,7,-100.9270966666667,-76.87533,-400.0642,308.8266,0.3333333333333333,0.26666666666666666,0.2,0.06666666666666667,ARG85A; ARG87A; CYS83A; GLU91A; LYS93A; LYS95A; TYR84A
human,13,12,6,-69.26333616666666,11.974135,-425.5891,259.2572,0.6666666666666666,0.25,0.16666666666666666,0.16666666666666666,ARG131A; GLY134A; LEU133A; LEU144A; PRO135A; VAL158A
human,11,12,8,-121.69035666666666,-203.5256,-376.8167,417.0351,0.3333333333333333,0.25,0.16666666666666666,0.16666666666666666,ALA9A; ARG131A; GLY11A; PRO130A; PRO8A; THR10A; THR128A; VAL129A
human,3,12,7,-113.88770519999998,-30.0083845,-392.5509,275.4682,0.25,0.08333333333333333,0.08333333333333333,0.08333333333333333,ALA37A; ARG25A; GLU35A; LYS30A; THR26A; TYR28A; VAL36A
human,7,15,10,-93.78043313333333,-1.603883,-400.3093,147.6044,0.4666666666666667,0.13333333333333333,0.06666666666666667,0.06666666666666667,GLU17A; GLU44A; ILE121A; ILE16A; LEU41A; LYS14A; LYS23A; PRO122A; TRP45A; VAL18A
