pocket,n_pocket_atoms,pocket_residues,AF_to_7R4X_CA_RMSD_A,n_common_CA,center_x_7R4X,center_y_7R4X,center_z_7R4X,min_distance_to_rRNA_A,closest_rRNA,n_rRNA_atoms_within_5A
Human_pocket5,31,ALA173A; ARG131A; ARG132A; ARG159A; GLY134A; LEU133A; LYS136A; LYS160A; LYS172A; PRO130A; PRO161A; PRO174A; VAL158A,1.1474576409896482,227,252.24687593236547,154.76828419072606,139.19656334465,1.3928465415496292,C672:OP1,73
Human_pocket9,19,ALA229A; ARG233A; GLU226A; LEU234A; LYS230A,1.1474576409896482,227,251.6848320465615,246.49017557149804,136.09444557122842,21.844560403425845,G2882:OP1,0
Human_pocket12,15,ARG231A; ARG238A; LEU234A; SER235A,1.1474576409896482,227,253.11702415880714,252.41461852135456,142.11516368711952,22.963327299443648,C8772:O3',0
